seqName	alignmentAssignedSegment	index	sortAssignedSegment	score	numHits
LOC_0000SL1.1	h2n2	3511	h3n2	0.6203832362169431	719
LOC_0003TQL.1	h1n1	4338	h2n2	0.5591030302165925	632
LOC_0004791.1	h1n1	4485	h2n2	0.1387645486048578	157
