seqName	alignmentAssignedSegment	index	sortAssignedSegment	score	numHits
LOC_0000S9Q.1	h2n2	43	h3n2	0.4898893475518862	584
LOC_00046TZ.1	h3n2	1025	h1n1pdm	0.88177956651325	153
LOC_000EZMY.1	h3n2	2727	h1n1pdm	0.4690496948561464	538
LOC_000EZNW.1	h3n2	2728	h1n1pdm	0.4690496948561464	538
LOC_000ME6Z.1	h3n2	8095	h1n1pdm	0.5483870967741935	629
LOC_000WTVP.1	h3n2	6320	h1n1pdm	0.5623365300784655	645
