seqName	segment	index	dataset	score	numHits
LOC_0000T23.1	h2n2	42	h3n2	0.4898893475518862	584
LOC_00045XS.1	h3n2	1012	h1n1pdm	0.88177956651325	153
LOC_000FTWJ.1	h3n2	2744	h1n1pdm	0.4690496948561464	538
LOC_000FTXG.1	h3n2	2745	h1n1pdm	0.4690496948561464	538
LOC_000KL9R.1	h3n2	6891	h1n1pdm	0.6591107236268526	756
LOC_00121U5.1	h3n2	6295	h1n1pdm	0.5623365300784655	645
