seqName	alignmentAssignedSegment	index	sortAssignedSegment	score	numHits
LOC_0000TDF.1	h2n2	3510	h3n2	0.6203832362169431	719
LOC_0003T2X.1	h1n1	4324	h2n2	0.5591030302165925	632
LOC_00046DU.1	h1n1	4471	h2n2	0.1387645486048578	157
